competitor_id,brand,comune,indirizzo,lat,lon,peso_competitor,livello_competitor
C0001,SISA,Sambuca di Sicilia,NO_ADDR,37.508504,13.0781378,0.55,QUARTO
C0002,SISA,Sambuca di Sicilia,Corso Accursio Miraglia 84,37.5116078,13.0708108,0.55,QUARTO
C0003,CARREFOUR,Agrigento,NO_ADDR,37.2657588,13.5911937,0.0,ALTRO
C0004,IPERTE PORTO EMPEDOCLE,Porto Empedocle,NO_ADDR,37.2936862,13.5395218,0.0,ALTRO
C0005,MAX SUPERMERCATI,Agrigento,Viale Emporium 92,37.2692566,13.5827653,0.0,ALTRO
C0006,SISA,Agrigento,NO_ADDR,37.2757733,13.6114795,0.55,QUARTO
C0007,PRIMAVERA,Agrigento,NO_ADDR,37.2739221,13.5851787,0.0,ALTRO
C0008,SCIBETTA BEVANDE,Agrigento,NO_ADDR,37.3184814,13.579945,0.0,ALTRO
C0009,DECO,Enna,NO_ADDR,37.3887186,14.3710633,0.85,SECONDO
C0010,SISA,Piazza Armerina,94015,37.3873384,14.3697037,0.55,QUARTO
C0011,SUPERMECATO PROSHOP,Enna,NO_ADDR,37.6587265,14.5163599,0.0,ALTRO
C0012,EUROSPIN,Enna,NO_ADDR,37.3873708,14.2115365,0.55,QUARTO
C0013,DESPAR,Pergusa,Viale dei Miti 4 94100,37.5230129,14.3041358,0.0,ALTRO
C0014,L'ANGOLO DEI SAPORI,Enna,NO_ADDR,37.7653721,14.351542,0.0,ALTRO
C0015,DESPAR,Enna,NO_ADDR,37.7799593,14.5964862,0.0,ALTRO
C0016,BIMART,Enna,via marche 4,37.788484,14.6022754,0.0,ALTRO
C0017,ARD,Enna,NO_ADDR,37.3800138,14.3709214,0.7,TERZO
C0018,MD,Enna,NO_ADDR,37.6438839,14.3950577,0.7,TERZO
C0019,DESPAR,Enna,Via Pietro Nenni,37.6225183,14.4199017,0.0,ALTRO
C0020,CONAD,Pietraperzia,Via San Giovanni Bosco 94016,37.4146142,14.1426484,0.85,SECONDO
C0021,SUPERCONVENIENTE,Enna,NO_ADDR,37.5530686,14.285004,1.0,DIRETTO
C0022,COOP,Enna,NO_ADDR,37.5668636,14.286329,0.85,SECONDO
C0023,IL CENTESIMO CITY,Enna,NO_ADDR,37.5688719,14.270169,0.85,SECONDO
C0024,ZIO UMBERTO,Enna,NO_ADDR,37.5665617,14.2753829,0.0,ALTRO
C0025,DESPAR,Agira,Via Vittorio Emanuele 94011,37.6572777,14.5181832,0.0,ALTRO
C0026,MINIMARKET DI BERTO SALVATORE,Enna,Via Principe Umberto,37.5683149,14.6914132,0.0,ALTRO
C0027,SPAR,Enna,NO_ADDR,37.386577,14.369249,0.0,ALTRO
C0028,IL CENTESIMO,Enna,NO_ADDR,37.3910701,14.2135143,0.85,SECONDO
C0029,MEAT SHOP DI SPITALERI,Enna,NO_ADDR,37.6541132,14.6390121,0.0,ALTRO
C0030,ENI SHOP,Enna,NO_ADDR,37.5783739,14.3399412,0.0,ALTRO
C0031,DON SANTINO,Enna,Viale dell'Unità d'Italia 29 94100,37.5556519,14.2890527,0.0,ALTRO
C0032,LIDL,Enna,NO_ADDR,37.5487274,14.2872335,0.7,TERZO
C0033,SPAR,Sambuca di Sicilia,NO_ADDR,37.6444559,13.1060568,0.0,ALTRO
C0034,LIDL,Licata,Via Palma 322,37.1118857,13.9211271,0.7,TERZO
C0035,MD,Licata,Via Palma 121,37.1096181,13.9289714,0.7,TERZO
C0036,PAGHI POCO,Sambuca di Sicilia,NO_ADDR,37.4891579,13.2626517,1.0,DIRETTO
C0037,LIDL,Agrigento,Viale Leonardo Sciascia 210,37.2942232,13.5421065,0.7,TERZO
C0038,PAGHI POCO,Sciacca,,37.5104595,13.1009169,1.0,DIRETTO
C0039,SIDIS,Pantelleria,,35.8601294,12.8634734,0.0,ALTRO
C0040,SISA,Lampedusa e Linosa,Via Terranova,35.5064212,12.6105045,0.55,QUARTO
C0041,CRAI,Milena,,37.4026848,13.6159454,0.55,QUARTO
C0042,SIDIS,Sambuca di Sicilia,,37.5079561,13.0657329,0.0,ALTRO
C0043,CRAI,Licata,,37.1874349,13.7724473,0.55,QUARTO
C0044,SISA,Agrigento,,37.2640889,13.6219177,0.55,QUARTO
C0045,CRAI,Sambuca di Sicilia,,37.6094943,12.9655744,0.55,QUARTO
C0046,SISA,Sambuca di Sicilia,,37.6956698,13.0195811,0.55,QUARTO
C0047,SISA,Mussomeli,,37.6268033,13.692997,0.55,QUARTO
C0048,CARREFOUR,Lampedusa e Linosa,,35.5012619,12.6070474,0.0,ALTRO
C0049,ARD,Siracusa,NO_ADDR,37.1634493,15.0347937,0.7,TERZO
C0050,NAVY EXCHANGE - 7 DAY,Siracusa,NO_ADDR,37.4102358,14.9176691,0.0,ALTRO
C0051,L'ANGOLO DELLA BONTÀ,Rosolini,NO_ADDR,36.6813043,15.1335591,0.0,ALTRO
C0052,DESPAR,Avola,NO_ADDR,36.9023027,15.1174924,0.0,ALTRO
C0053,COOP,Avola,NO_ADDR,36.8952429,15.0703333,0.85,SECONDO
C0054,ABRAMO ALIMENTARI,Siracusa,NO_ADDR,37.2826849,15.1879528,0.0,ALTRO
C0055,EUROSPIN,Siracusa,NO_ADDR,37.093296,15.1502766,0.55,QUARTO
C0056,SALUMERIA DI NOTO,Siracusa,NO_ADDR,37.0606035,15.2963378,0.0,ALTRO
C0057,COOP,Siracusa,NO_ADDR,37.0661732,15.2872602,0.85,SECONDO
C0058,PAGHI POCO,Siracusa,NO_ADDR,37.093262,15.2903196,1.0,DIRETTO
C0059,SUPERCONVENIENTE,Siracusa,NO_ADDR,37.0767965,15.2825676,1.0,DIRETTO
C0060,DECO,Siracusa,NO_ADDR,37.0755731,15.2907771,0.85,SECONDO
C0061,EUROSPIN,Avola,NO_ADDR,37.067083,14.9093364,0.55,QUARTO
C0062,ROSSOTONO LOCAL,Avola,NO_ADDR,36.9127259,15.1417391,0.0,ALTRO
C0063,DESPAR,Siracusa,NO_ADDR,37.0822897,15.2761863,0.0,ALTRO
C0064,CRAI,Siracusa,NO_ADDR,37.2412677,15.2204859,0.55,QUARTO
C0065,PICCOLO MERCATINO,Siracusa,NO_ADDR,37.2403382,15.2207543,0.0,ALTRO
C0066,DESPAR,Rosolini,NO_ADDR,36.7119325,15.0919299,0.0,ALTRO
C0067,ON THE ROAD,Avola,NO_ADDR,36.8513828,15.1092696,0.0,ALTRO
C0068,CONAD,Siracusa,NO_ADDR,37.111306,15.228081,0.85,SECONDO
C0069,COOP,Rosolini,NO_ADDR,36.819943,14.9498672,0.85,SECONDO
C0070,PUNTO MARKET,Avola,NO_ADDR,36.9030852,15.1375551,0.0,ALTRO
C0071,SUPERMERCATO CARASI,Avola,NO_ADDR,36.9045425,15.133271,0.0,ALTRO
C0072,CONAD,Rosolini,NO_ADDR,36.7195796,15.0971222,0.85,SECONDO
C0073,MARKET FOOD VILLAGE,Siracusa,NO_ADDR,37.0828404,15.2526458,0.0,ALTRO
C0074,GUSTO,Siracusa,NO_ADDR,37.0608161,15.2961318,0.0,ALTRO
C0075,NATURASÌ,Siracusa,NO_ADDR,37.0819424,15.2870204,0.0,ALTRO
C0076,GLUTINÒ,Siracusa,NO_ADDR,37.0810359,15.274149,0.0,ALTRO
C0077,SERENAMARKET,Siracusa,NO_ADDR,37.0986086,15.2723408,0.0,ALTRO
C0078,MIHIDI ASIAN LANKA,Siracusa,NO_ADDR,37.0697222,15.2870479,0.0,ALTRO
C0079,AFRICAN STORE,Siracusa,NO_ADDR,37.0715016,15.2863066,0.0,ALTRO
C0080,LUCEAFARUL,Siracusa,NO_ADDR,37.0663225,15.2858309,0.0,ALTRO
C0081,BANDIERA,Siracusa,NO_ADDR,37.0653385,15.2832795,0.0,ALTRO
C0082,MINIMARKET DA DANIELE,Siracusa,NO_ADDR,37.0701028,15.2903965,0.0,ALTRO
C0083,S&S MINIMARKET,Siracusa,NO_ADDR,37.0714064,15.2900548,0.0,ALTRO
C0084,WATHSALA MARKET,Siracusa,NO_ADDR,37.0714641,15.2893001,0.0,ALTRO
C0085,EASY FOOD,Siracusa,NO_ADDR,37.0869669,15.2894313,0.0,ALTRO
C0086,CENTRO NUTIZIONE E SALUTE,Siracusa,NO_ADDR,37.0830304,15.2968286,0.0,ALTRO
C0087,MARKET LE ROCCE,Siracusa,NO_ADDR,37.019248,15.3022987,0.0,ALTRO
C0088,ALIMENTARI PLEMMIRIO,Siracusa,NO_ADDR,37.0070926,15.3197211,0.0,ALTRO
C0089,DOLCE GUSTO,Siracusa,NO_ADDR,37.0635601,15.2909651,0.0,ALTRO
C0090,ASIAN ALIMENTARI,Siracusa,NO_ADDR,37.0648593,15.2924779,0.0,ALTRO
C0091,DIELLE MARKET,Siracusa,NO_ADDR,37.0959206,15.2615566,0.0,ALTRO
C0092,MARKET FANUSA,Siracusa,NO_ADDR,37.015906,15.2753597,0.0,ALTRO
C0093,NUTRI BENE BIO,Siracusa,NO_ADDR,37.0929966,15.2146254,0.0,ALTRO
C0094,MINI MARKET GENOVESE,Siracusa,NO_ADDR,37.0916814,15.2118231,0.0,ALTRO
C0095,MINIMARKET MAZZONELLO,Avola,NO_ADDR,36.9294496,15.0636279,0.0,ALTRO
C0096,SISA,Avola,NO_ADDR,36.8787495,15.082882,0.55,QUARTO
C0097,PENNY,Siracusa,NO_ADDR,37.2983209,14.9959946,0.0,ALTRO
C0098,ARD,Rosolini,NO_ADDR,37.0599565,14.909604,0.7,TERZO
C0099,ROSSOTONO EASY,Avola,NO_ADDR,36.9752518,15.1993221,0.0,ALTRO
C0100,LA BOTTEGA,Avola,NO_ADDR,36.8548282,15.111506,0.0,ALTRO
C0101,CENTRO FRISIO,Avola,NO_ADDR,36.9667673,15.2204741,0.0,ALTRO
C0102,A PUTIA RO CASTIDDUZZU,Rosolini,NO_ADDR,36.9359382,14.9302033,0.0,ALTRO
C0103,MINIMARKET CORSO UMBERTO,Siracusa,NO_ADDR,37.0653336,15.289302,0.0,ALTRO
C0104,SISA,Siracusa,NO_ADDR,37.2474354,15.2197076,0.55,QUARTO
C0105,SUPERMERCATO DEL VIALE,Rosolini,NO_ADDR,37.0869464,14.8858154,0.0,ALTRO
C0106,PRATICÒ,Siracusa,NO_ADDR,37.1577952,15.0262881,0.0,ALTRO
C0107,AGOSTA GRAZIELLA,Rosolini,NO_ADDR,36.8215619,14.9402542,0.0,ALTRO
C0108,DUE M,Rosolini,NO_ADDR,36.8201737,14.9443325,0.0,ALTRO
C0109,ROSSOTONO LOCAL,Rosolini,NO_ADDR,36.8234835,14.9457568,0.0,ALTRO
C0110,ROSSOTONO EASY,Rosolini,NO_ADDR,36.7136102,15.0837655,0.0,ALTRO
C0111,MD,Siracusa,NO_ADDR,37.2225152,15.2190755,0.7,TERZO
C0112,ROSSOTONO EASY,Siracusa,NO_ADDR,37.2265931,14.8811329,0.0,ALTRO
C0113,CRAI,Avola,NO_ADDR,36.8886354,15.0628379,0.55,QUARTO
C0114,SUPERMERCATO BONFIGLIO,Avola,NO_ADDR,36.9142099,15.1370412,0.0,ALTRO
C0115,DAYSCOUNT RAMONDETTA,Avola,NO_ADDR,36.9782208,15.2000837,0.0,ALTRO
C0116,I SAPORI DEL CELIACO,Siracusa,NO_ADDR,37.247866,15.2210534,0.0,ALTRO
C0117,FRESCO E BUONO,Siracusa,NO_ADDR,37.2472949,15.2188258,0.0,ALTRO
C0118,MINIMARKET BOLIVAR,Avola,NO_ADDR,36.8886343,15.0663188,0.0,ALTRO
C0119,MINI MARKET LUCA,Siracusa,NO_ADDR,37.1564444,15.1847361,0.0,ALTRO
C0120,MARKET DEL BUONGUSTAIO,Avola,NO_ADDR,36.8497216,15.108925,0.0,ALTRO
C0121,DA ANTONIO,Siracusa,NO_ADDR,37.1581831,15.1875438,0.0,ALTRO
C0122,MOLLA MINI MARKET,Siracusa,NO_ADDR,37.061057,15.2943682,0.0,ALTRO
C0123,NUOVO MARKET GIUNTA,Siracusa,NO_ADDR,37.229314,15.219432,0.0,ALTRO
C0124,KATANÈ,Siracusa,NO_ADDR,37.227095,15.2202755,0.0,ALTRO
C0125,I PIACIRI RA PANZA,Siracusa,NO_ADDR,37.1552076,15.1873749,0.0,ALTRO
C0126,I PIACERI DEL PALATO,Siracusa,NO_ADDR,37.0835769,15.1581703,0.0,ALTRO
C0127,BOTTEGA SENZA GLUTINE,Siracusa,NO_ADDR,37.2505808,15.0914269,0.0,ALTRO
C0128,L'ANGOLO DEL RISPARMIO,Siracusa,NO_ADDR,37.2696324,15.014298,0.0,ALTRO
C0129,BANGLA MINI MARKET,Siracusa,NO_ADDR,37.0652103,15.288413,0.0,ALTRO
C0130,L'ANTICA PUTIA,Siracusa,NO_ADDR,37.2950936,15.000211,0.0,ALTRO
C0131,MINIMARKET ZITO,Siracusa,NO_ADDR,37.0733739,15.2883084,0.0,ALTRO
C0132,MINIMARKET,Siracusa,NO_ADDR,37.0869732,15.1462546,0.0,ALTRO
C0133,DA SARETTO,Siracusa,NO_ADDR,37.083632,15.1506903,0.0,ALTRO
C0134,A PUTIA DA PEPPE,Siracusa,NO_ADDR,37.0835197,15.1465483,0.0,ALTRO
C0135,HAPPY SPESA,Siracusa,NO_ADDR,37.0886274,15.1573165,0.0,ALTRO
C0136,MINIMARKET SAMPUGNARO,Siracusa,NO_ADDR,37.2840596,14.996991,0.0,ALTRO
C0137,ZERO GLUTINE,Siracusa,NO_ADDR,37.0871556,15.161279,0.0,ALTRO
C0138,A PUTIA,Avola,NO_ADDR,36.9794752,15.2024402,0.0,ALTRO
C0139,DHAKA SUPER MARKET,Siracusa,NO_ADDR,37.0651144,15.2891499,0.0,ALTRO
C0140,IL MEGLIO MARKET,Avola,NO_ADDR,36.9096924,15.1394914,0.0,ALTRO
C0141,MARKET NOTO MARINA,Avola,NO_ADDR,36.8588806,15.1174529,0.0,ALTRO
C0142,BIO... LOGICO,Siracusa,NO_ADDR,37.2970194,15.0029967,0.0,ALTRO
C0143,I DUE ANGELI,Rosolini,NO_ADDR,36.8180915,14.9496747,0.0,ALTRO
C0144,BISMILLA,Siracusa,NO_ADDR,37.0606249,15.2942683,0.0,ALTRO
C0145,HOSSAIN MINI MARKET,Siracusa,NO_ADDR,37.0609733,15.2954751,0.0,ALTRO
C0146,FAMILY,Siracusa,NO_ADDR,37.2507947,15.0922895,0.0,ALTRO
C0147,LA BOTTEGA DELL'ANGOLO,Siracusa,NO_ADDR,37.1579919,15.1843105,0.0,ALTRO
C0148,MINI MARKET SUPER SHOP,Siracusa,NO_ADDR,37.0651425,15.2899697,0.0,ALTRO
C0149,NO_NAME,Siracusa,NO_ADDR,37.0947853,15.2839026,0.0,ALTRO
C0150,FRESH MINI MARKET,Siracusa,NO_ADDR,37.0723012,15.2859742,0.0,ALTRO
C0151,U MARKET,Avola,NO_ADDR,36.8903956,15.0694026,0.0,ALTRO
C0152,BOTTEGA DA CHRISTIAN,Siracusa,NO_ADDR,37.1917052,14.9362785,0.0,ALTRO
C0153,GLUTEN FREE,Siracusa,NO_ADDR,37.0711014,15.2897032,0.0,ALTRO
C0154,LIKE HOME,Siracusa,NO_ADDR,37.0653681,15.290163,0.0,ALTRO
C0155,ARK,Siracusa,NO_ADDR,37.070832,15.2848504,0.0,ALTRO
C0156,CENTRAL SPESA,Avola,NO_ADDR,36.892219,15.0656354,0.0,ALTRO
C0157,ALIMENTARI MARINI,Avola,NO_ADDR,36.891694,15.072423,0.0,ALTRO
C0158,MILINO MARKET,Avola,NO_ADDR,36.9004441,15.0684337,0.0,ALTRO
C0159,MINI MARKET CARUSO,Avola,NO_ADDR,36.9059692,15.1361078,0.0,ALTRO
C0160,ELPI,Rosolini,NO_ADDR,36.7190465,15.0985944,0.0,ALTRO
C0161,AMERICAN WAY,Siracusa,NO_ADDR,37.0672018,15.2818148,0.0,ALTRO
C0162,SUPERMERCATO VKG,Siracusa,NO_ADDR,37.3200449,15.0918648,0.0,ALTRO
C0163,M.S. MINIMARKET,Siracusa,NO_ADDR,37.0657503,15.2878304,0.0,ALTRO
C0164,NO_NAME,Avola,NO_ADDR,36.9362917,15.1750303,0.0,ALTRO
C0165,ARD,Avola,NO_ADDR,36.9818889,15.2028168,0.7,TERZO
C0166,CONAD,Avola,NO_ADDR,36.9195594,15.1462223,0.85,SECONDO
C0167,L'ANTICO CHIOSCO,Siracusa,NO_ADDR,37.0971338,15.2798372,0.0,ALTRO
C0168,ALIMENTARI GAROFALO,Siracusa,NO_ADDR,37.095944,15.2817546,0.0,ALTRO
C0169,LIDL,Siracusa,NO_ADDR,37.2514623,15.2094908,0.7,TERZO
C0170,LA BOTTEGA DEL GUSTO,Siracusa,NO_ADDR,37.1567839,15.186365,0.0,ALTRO
C0171,LIDL,Rosolini,Contrada Incallebba snc,36.82633,14.96398,0.7,TERZO
C0172,EUROSPIN,Rosolini,"S.S.115 KM 365,50",36.82508213,14.96630517,0.55,QUARTO
C0173,HOLIDAY MARKET,Avola,NO_ADDR,36.9659186,15.2106603,0.0,ALTRO
C0174,MARKET INGROSS,Rosolini,NO_ADDR,36.8251925,14.9653671,0.0,ALTRO
C0175,PENNY,Avola,NO_ADDR,36.9189854,15.1470797,0.0,ALTRO
C0176,PAGHI POCO,Avola,NO_ADDR,36.9185636,15.1466907,1.0,DIRETTO
C0177,EUROSPIN,Rosolini,NO_ADDR,36.7232878,15.0886333,0.55,QUARTO
C0178,LIDL,Avola,NO_ADDR,36.9201882,15.1436716,0.7,TERZO
C0179,ALIMENTARI PIRRUCCIO,Siracusa,NO_ADDR,37.1027197,15.1222812,0.0,ALTRO
C0180,PAGHI POCO,Rosolini,NO_ADDR,36.716893,15.0732735,1.0,DIRETTO
C0181,SUPERCONVENIENTE,Avola,NO_ADDR,36.9174646,15.1476293,1.0,DIRETTO
C0182,DECO,Rosolini,NO_ADDR,36.7186113,15.0998946,0.85,SECONDO
C0183,DESPAR,Vittoria,NO_ADDR,36.9537379,14.5779017,0.0,ALTRO
C0184,NO_NAME,Comiso,NO_ADDR,37.0397066,14.6231593,0.0,ALTRO
C0185,COOP,Vittoria,NO_ADDR,37.0225557,14.5790687,0.85,SECONDO
C0186,SIDIS,Comiso,NO_ADDR,36.9534116,14.6031092,0.0,ALTRO
C0187,ROSSOTONO LOCAL,Comiso,NO_ADDR,36.9547326,14.6066914,0.0,ALTRO
C0188,DESPAR,Comiso,NO_ADDR,36.9546677,14.6073993,0.0,ALTRO
C0189,EMPORIO ROCCASALVA,Comiso,NO_ADDR,36.9553589,14.6115033,0.0,ALTRO
C0190,DESPAR,Pozzallo,NO_ADDR,36.7295466,14.8406288,0.0,ALTRO
C0191,A PUTIA RI SAN FILIPPO,Modica,NO_ADDR,36.8118728,14.7881374,0.0,ALTRO
C0192,ARD,Pozzallo,NO_ADDR,36.7295251,14.8494148,0.7,TERZO
C0193,COOP,Ragusa,NO_ADDR,36.9806066,14.8289544,0.85,SECONDO
C0194,CONAD,Modica,NO_ADDR,36.9204359,14.8225393,0.85,SECONDO
C0195,COOP,Modica,NO_ADDR,36.8663434,14.7567661,0.85,SECONDO
C0196,DESPAR,Ragusa,NO_ADDR,36.9262671,14.7434096,0.0,ALTRO
C0197,COOP,Scicli,NO_ADDR,36.7880308,14.5254816,0.85,SECONDO
C0198,EMMEGI MARKET,Vittoria,NO_ADDR,36.825941,14.5224449,0.0,ALTRO
C0199,COOP,Pozzallo,NO_ADDR,36.7302882,14.8480511,0.85,SECONDO
C0200,ARD,Modica,NO_ADDR,36.8328239,14.7642818,0.7,TERZO
C0201,DESPAR,Modica,NO_ADDR,36.8344964,14.7613043,0.0,ALTRO
C0202,BAPI,Vittoria,NO_ADDR,36.9537955,14.5227675,0.0,ALTRO
C0203,DECO,Scicli,NO_ADDR,36.7919711,14.7078958,0.85,SECONDO
C0204,INCREMONA,Comiso,NO_ADDR,36.9513526,14.6079017,0.0,ALTRO
C0205,DESPAR,Scicli,NO_ADDR,36.7832927,14.5346546,0.0,ALTRO
C0206,HERAIA MARKET,Ragusa,NO_ADDR,36.9271617,14.7437167,0.0,ALTRO
C0207,PUNTO GNAM,Vittoria,NO_ADDR,36.939695,14.5210151,0.0,ALTRO
C0208,MINIMARKET,Ragusa,NO_ADDR,36.9210905,14.7234574,0.0,ALTRO
C0209,SANTA TERESA,Modica,NO_ADDR,36.8655121,14.7637267,0.0,ALTRO
C0210,LA BOTTEGA,Scicli,NO_ADDR,36.79431,14.7044023,0.0,ALTRO
C0211,BANGLADESH ALIMENTARI,Vittoria,NO_ADDR,36.9503307,14.5346149,0.0,ALTRO
C0212,A.D. MARKET,Vittoria,NO_ADDR,36.9497608,14.5292927,0.0,ALTRO
C0213,FOOD MARKET,Comiso,NO_ADDR,36.9512824,14.6020483,0.0,ALTRO
C0214,IL PARADISO DEL GUSTO,Modica,NO_ADDR,36.8607411,14.7599796,0.0,ALTRO
C0215,CONAD,Vittoria,NO_ADDR,36.8257454,14.5237434,0.85,SECONDO
C0216,DECO,Modica,NO_ADDR,36.8550336,14.7574013,0.85,SECONDO
C0217,L'AURORA,Ragusa,NO_ADDR,36.9249582,14.7085026,0.0,ALTRO
C0218,LA PLAYA,Ispica,NO_ADDR,36.6974081,14.952811,0.0,ALTRO
C0219,BLUE,Pozzallo,NO_ADDR,36.7286478,14.9040511,0.0,ALTRO
C0220,EUROSPIN,Modica,NO_ADDR,36.832959,14.7651342,0.55,QUARTO
C0221,DI RAIMONDO,Modica,NO_ADDR,36.8670856,14.8067701,0.0,ALTRO
C0222,LA PINETA,Modica,NO_ADDR,36.8508755,14.7680408,0.0,ALTRO
C0223,GIUNTA,Pozzallo,NO_ADDR,36.7342105,14.7856456,0.0,ALTRO
C0224,COOP,Comiso,NO_ADDR,36.9487418,14.6087976,0.85,SECONDO
C0225,FRANZY'S FOOD,Pozzallo,NO_ADDR,36.7191089,14.8043239,0.0,ALTRO
C0226,SALUMERIA DEL CORSO,Ragusa,NO_ADDR,37.0321194,14.7028888,0.0,ALTRO
C0227,CONAD,Pozzallo,NO_ADDR,36.7334308,14.8522804,0.85,SECONDO
C0228,MARKET STRADANUOVA,Scicli,NO_ADDR,36.7956867,14.7051493,0.0,ALTRO
C0229,MARKET LO VENTO,Vittoria,NO_ADDR,36.8182456,14.4644411,0.0,ALTRO
C0230,DECO,Pozzallo,NO_ADDR,36.7311651,14.8413867,0.85,SECONDO
C0231,MINIMARKET DA GIORGIA,Pozzallo,NO_ADDR,36.7274681,14.846033,0.0,ALTRO
C0232,ARD,Ispica,Via Simeto 15/25,36.7902366,14.8995626,0.7,TERZO
C0233,ROMANIAN SUPERMARKET,Vittoria,NO_ADDR,36.9615737,14.5122696,0.0,ALTRO
C0234,SUPERMERCATO PUGLISI,Scicli,NO_ADDR,36.7859912,14.5251914,0.0,ALTRO
C0235,GIUNTA ALIMENTARI,Pozzallo,NO_ADDR,36.7126967,14.7763261,0.0,ALTRO
C0236,MINI MARKET,Pozzallo,NO_ADDR,36.7122232,14.7756042,0.0,ALTRO
C0237,DINASTIA SUPERMERCATO BLASCO,Ragusa,NO_ADDR,37.089233,14.7624756,0.0,ALTRO
C0238,PAGHI POCO,Vittoria,NO_ADDR,36.9461941,14.5246232,1.0,DIRETTO
C0239,ARD,Comiso,NO_ADDR,37.0319064,14.6976859,0.7,TERZO
C0240,DETTO... FATTO!,Vittoria,NO_ADDR,36.9477313,14.5384733,0.0,ALTRO
C0241,TODIS,Modica,NO_ADDR,36.8722344,14.7551134,0.0,ALTRO
C0242,TUTTO FRESCO,Modica,NO_ADDR,36.9291161,14.8360075,0.0,ALTRO
C0243,GAMBINA,Vittoria,NO_ADDR,36.9538244,14.5395292,0.0,ALTRO
C0244,ARD,Vittoria,NO_ADDR,36.9326647,14.5191451,0.7,TERZO
C0245,SUPERMERCATO VOI,Scicli,NO_ADDR,36.7636401,14.6353566,0.0,ALTRO
C0246,NO_NAME,Scicli,NO_ADDR,36.794599,14.7075299,0.0,ALTRO
C0247,MD,Scicli,NO_ADDR,36.7827277,14.5622975,0.7,TERZO
C0248,NUBA MINI MARKET,Modica,NO_ADDR,36.8556596,14.7604774,0.0,ALTRO
C0249,CONAD,Ispica,NO_ADDR,36.7869016,14.9071048,0.85,SECONDO
C0250,SUPERMERCATO PIANO DELL'ACQUA,Comiso,NO_ADDR,37.0782284,14.6578069,0.0,ALTRO
C0251,CONAD,Scicli,NO_ADDR,36.7826891,14.6909617,0.85,SECONDO
C0252,SIDIS,Pozzallo,NO_ADDR,36.729311,14.8435687,0.0,ALTRO
C0253,PAGHI POCO,Comiso,NO_ADDR,36.9593602,14.6066143,1.0,DIRETTO
C0254,SIDIS,Ragusa,NO_ADDR,36.9281126,14.7167471,0.0,ALTRO
C0255,A MAIDDA,Scicli,NO_ADDR,36.7845779,14.553345,0.0,ALTRO
C0256,SALUMERIA DEL VIALE,Scicli,NO_ADDR,36.7834044,14.6923606,0.0,ALTRO
C0257,IL CENTESIMO,Ragusa,NO_ADDR,36.9286651,14.7082364,0.85,SECONDO
C0258,MAXI MARKET,Vittoria,NO_ADDR,36.8187243,14.4627447,0.0,ALTRO
C0259,FRATELLI ROCCASALVO,Ispica,NO_ADDR,36.7099997,14.9419157,0.0,ALTRO
C0260,EUROSPIN,Comiso,NO_ADDR,36.9597602,14.6082864,0.55,QUARTO
C0261,EUROSPIN,Scicli,NO_ADDR,36.7506052,14.6812253,0.55,QUARTO
C0262,ARD,Scicli,NO_ADDR,36.7930711,14.6990186,0.7,TERZO
C0263,PENNY,Modica,NO_ADDR,36.8336093,14.7601387,0.0,ALTRO
C0264,MARKET INGROSS,Ispica,NO_ADDR,36.7847942,14.9210342,0.0,ALTRO
C0265,LIDL,Modica,NO_ADDR,36.8341854,14.7746862,0.7,TERZO
C0266,EUROSPIN,Ispica,S.S. 115,36.790172128807,14.897447497504,0.55,QUARTO
C0267,CONAD,Ragusa,NO_ADDR,36.9209845,14.7066644,0.85,SECONDO
C0268,STARCASA,Vittoria,NO_ADDR,36.9304738,14.5182864,0.0,ALTRO
C0269,LIDL,Vittoria,Via Generale Cascino 47,36.95944,14.52056,0.7,TERZO
C0270,EUROSPIN,Vittoria,NO_ADDR,36.9591128,14.5519372,0.55,QUARTO
C0271,SUPERCONVENIENTE,Vittoria,NO_ADDR,36.960576,14.5153152,1.0,DIRETTO
C0272,PENNY,Vittoria,NO_ADDR,36.9597273,14.5538172,0.0,ALTRO
C0273,MD,Pozzallo,NO_ADDR,36.7311388,14.8361377,0.7,TERZO
C0274,EUROSPIN,Pozzallo,NO_ADDR,36.7370966,14.8584026,0.55,QUARTO
C0275,ARD,Ispica,NO_ADDR,36.7777027,14.91276,0.7,TERZO
C0276,MD,Comiso,NO_ADDR,36.9541893,14.6133253,0.7,TERZO
C0277,ARD,Ragusa,NO_ADDR,36.9079746,14.7217171,0.7,TERZO
C0278,EUROSPIN,Ragusa,Viale delle Americhe 6,36.92762394,14.70076647,0.55,QUARTO
C0279,LIDL,Ragusa,Via Mongibello 153,36.92279,14.71026,0.7,TERZO
C0280,LA FRUTTA DEI FRATELLI MELFI,Vittoria,NO_ADDR,36.9497835,14.5233598,0.0,ALTRO
C0281,SUPERCONVENIENTE,Ragusa,NO_ADDR,36.9188201,14.7094663,1.0,DIRETTO
C0282,LIDL,Pozzallo,NO_ADDR,36.7317907,14.8384744,0.7,TERZO
C0283,MAX SUPERMERCATI,Gela,NO_ADDR,37.0657911,14.2539574,0.0,ALTRO
C0284,PAM,Gela,NO_ADDR,37.0744037,14.2316176,0.0,ALTRO
C0285,NO_NAME,Gela,Via Ettore Romagnoli,37.0686449,14.2361825,0.0,ALTRO
C0286,PANETTERIA ZIA RORRÒ,Gela,Via licata,37.0750937,14.2279019,0.0,ALTRO
C0287,PIAZZA CINA,Gela,Via Palazzi,37.0734321,14.2322019,0.0,ALTRO
C0288,SISA,Gela,Viale Cortemaggiore,37.0780416,14.2110995,0.55,QUARTO
C0289,MAKKITELLA FOOD,Gela,Viale Cortemaggiore,37.0784515,14.2104356,0.0,ALTRO
C0290,PAGHI POCO,Gela,Via Cicerone,37.0749252,14.2319802,1.0,DIRETTO
C0291,EFFEQUATTRO,Gela,Via Pio X,37.0730119,14.2337832,0.0,ALTRO
C0292,COOP,Gela,Via Palazzi,37.0734243,14.232745,0.85,SECONDO
C0293,DECO,Caltanissetta,NO_ADDR,37.476993,14.0518882,0.85,SECONDO
C0294,SISA,Gela,NO_ADDR,37.0693334,14.2417763,0.55,QUARTO
C0295,MD,Niscemi,NO_ADDR,37.1471407,14.4048398,0.7,TERZO
C0296,LA CASA DELLA CHIOCCIOLA,Gela,NO_ADDR,37.0744629,14.2398046,0.0,ALTRO
C0297,MIO MERCATO,Gela,Via Cicerone,37.074032,14.2350639,0.0,ALTRO
C0298,DEA ALIMENTARI,Gela,NO_ADDR,37.0676702,14.2615635,0.0,ALTRO
C0299,MINIMARKET CAVALLO,Gela,NO_ADDR,37.0793919,14.2537797,0.0,ALTRO
C0300,GENSAL MARKET,Gela,NO_ADDR,37.0689637,14.2423675,0.0,ALTRO
C0301,PUNTO L,Gela,NO_ADDR,37.0731853,14.2248165,0.0,ALTRO
C0302,NO_NAME,Mazzarino,NO_ADDR,37.280052,14.0875927,0.0,ALTRO
C0303,CRAI,Milena,NO_ADDR,37.5104429,13.7051551,0.55,QUARTO
C0304,MD,Caltanissetta,NO_ADDR,37.497661,14.0450656,0.7,TERZO
C0305,DESPAR,Mazzarino,Corso Vittorio Emanuele II,37.3043414,14.2117882,0.0,ALTRO
C0306,CARREFOUR,Mazzarino,Via Abruzzi,37.3010052,14.2099367,0.0,ALTRO
C0307,COOP,Caltanissetta,NO_ADDR,37.3373784,13.9967912,0.85,SECONDO
C0308,MINI MARKET,Niscemi,NO_ADDR,37.1452493,14.3862532,0.0,ALTRO
C0309,SUPERCONVENIENTE,Caltanissetta,NO_ADDR,37.4736917,13.9981682,1.0,DIRETTO
C0310,COOP,Mussomeli,NO_ADDR,37.5783906,13.7369175,0.85,SECONDO
C0311,EUROSPIN,Mazzarino,NO_ADDR,37.3072391,14.2231616,0.55,QUARTO
C0312,CONAD,Niscemi,Via Pier Maria Rosso di San Secondo,37.148359,14.3926424,0.85,SECONDO
C0313,DECO,Niscemi,NO_ADDR,37.1472163,14.3947989,0.85,SECONDO
C0314,IL CENTESIMO,Caltanissetta,NO_ADDR,37.4726212,14.055677,0.85,SECONDO
C0315,DESPAR,Mazzarino,NO_ADDR,37.1938814,14.1813809,0.0,ALTRO
C0316,TODIS,Mazzarino,NO_ADDR,37.1955143,14.1789186,0.0,ALTRO
C0317,ARD,Niscemi,NO_ADDR,37.1445139,14.3980484,0.7,TERZO
C0318,COOP,Gela,NO_ADDR,37.0786458,14.2534096,0.85,SECONDO
C0319,AJMAL,Caltanissetta,NO_ADDR,37.492226,14.0610072,0.0,ALTRO
C0320,L'ANTICA BOTTEGA DEL CORSO,Caltanissetta,Corso Umberto Primo,37.4872171,14.0623648,0.0,ALTRO
C0321,NO_NAME,Caltanissetta,NO_ADDR,37.4899908,14.0611947,0.0,ALTRO
C0322,CONAD,Gela,NO_ADDR,37.0819175,14.2306598,0.85,SECONDO
C0323,ARD,Caltanissetta,NO_ADDR,37.5019212,14.0657862,0.7,TERZO
C0324,LIDL,Caltanissetta,NO_ADDR,37.4899532,14.038299,0.7,TERZO
C0325,MARKET INGROSS,Gela,NO_ADDR,37.082764,14.2113206,0.0,ALTRO
C0326,TODIS,Gela,NO_ADDR,37.0693067,14.2597605,0.0,ALTRO
C0327,NO_NAME,Gela,NO_ADDR,37.07415,14.2519614,0.0,ALTRO
C0328,TUODÌ,Gela,NO_ADDR,37.0852889,14.2065869,0.0,ALTRO
C0329,COOP,Gela,Via Venezia,37.0741387,14.2487795,0.85,SECONDO
C0330,KYLIE,Caltanissetta,NO_ADDR,37.5077877,14.079941,0.0,ALTRO
C0331,FORTE HARDISCOUNT,Gela,NO_ADDR,37.074162,14.244963,0.7,TERZO
C0332,NO_NAME,Gela,Via Venezia,37.0741126,14.2457825,0.0,ALTRO
C0333,FORTÉ,Gela,NO_ADDR,37.0830384,14.21233,0.0,ALTRO
C0334,EUROSPIN,Gela,Via Butera,37.0895335,14.2288588,0.55,QUARTO
C0335,PENNY,Gela,NO_ADDR,37.0803824,14.2344444,0.0,ALTRO
C0336,MILLE E PIÙ,Gela,NO_ADDR,37.0714126,14.2334987,0.0,ALTRO
C0337,BOLLICINE,Gela,NO_ADDR,37.0716347,14.2355998,0.0,ALTRO
C0338,CONAD,Caltanissetta,NO_ADDR,37.4862722,14.0446863,0.85,SECONDO
C0339,LIDL,Mussomeli,Via dei Normanni,37.5789633,13.766827,0.7,TERZO
C0340,EURO SPIN,Mussomeli,NO_ADDR,37.5728213,13.6855031,0.0,ALTRO
C0341,PENNY,Caltanissetta,NO_ADDR,37.4889982,14.0406656,0.0,ALTRO
C0342,BEST PRICE CITY STORE,Gela,NO_ADDR,37.0749902,14.245513,0.0,ALTRO
C0343,CRAI,Milena,Corso Pietro Nenni 15s,37.471796,13.7324652,0.55,QUARTO
C0344,CONAD,Milena,Via Salvo D'Acquisto,37.4711961,13.7328313,0.85,SECONDO
C0345,INGROFOOD,Gela,NO_ADDR,37.0810588,14.2257931,0.0,ALTRO
C0346,LIDL,Niscemi,NO_ADDR,37.1400457,14.3978648,0.7,TERZO
C0347,SUPERCONVENIENTE,Niscemi,NO_ADDR,37.128911,14.3955405,1.0,DIRETTO
C0348,EUROSPIN,Caltanissetta,NO_ADDR,37.4677115,13.9952226,0.55,QUARTO
C0349,DESPAR,Niscemi,NO_ADDR,37.1465151,14.3930842,0.0,ALTRO
C0350,SUPERCONVENIENTE,Gela,NO_ADDR,37.0746258,14.2434379,1.0,DIRETTO
C0351,FRESCODÌ,Caltanissetta,NO_ADDR,37.4804504,13.9845641,0.0,ALTRO
C0352,NO_NAME,Trapani,NO_ADDR,37.7249026,12.5151839,0.0,ALTRO
C0353,DECO,San Vito Lo Capo,Via Savoia 2 91010,38.1724552,12.733879,0.85,SECONDO
C0354,SUPERCONVENIENTE,Trapani,NO_ADDR,38.0767998,12.6939569,1.0,DIRETTO
C0355,DECO,Trapani,91019,38.0358014,12.6118724,0.85,SECONDO
C0356,DESPAR,Trapani,NO_ADDR,38.0410464,12.5435328,0.0,ALTRO
C0357,CM ALIMENTARI,Mazara del Vallo,Via Castelvetrano 36g,37.64965,12.5995756,0.0,ALTRO
C0358,GALIOTO CARLO,Trapani,NO_ADDR,38.0194372,12.8861039,0.0,ALTRO
C0359,CONAD,Trapani,NO_ADDR,37.9982825,12.5477531,0.85,SECONDO
C0360,CONAD,Marsala,Via dello Sport 18 91025,37.8012879,12.4416674,0.85,SECONDO
C0361,6 STORE,Trapani,NO_ADDR,37.6452241,12.6148487,0.0,ALTRO
C0362,MAIORANA,Trapani,Via Giuseppe Garibaldi 5 91010,37.9677696,12.0732178,0.0,ALTRO
C0363,MARKET SCOPELLO,Castellammare del Golfo,Contrada Piano Vignazza 78 91014,38.0609337,12.8287106,0.0,ALTRO
C0364,TODIS,Trapani,52 91026,37.6548272,12.5957366,0.0,ALTRO
C0365,ALIMENTARI,Trapani,NO_ADDR,37.9874843,12.3401643,0.0,ALTRO
C0366,LE MILLE VOGLIE,Trapani,NO_ADDR,37.6539885,12.5943726,0.0,ALTRO
C0367,PAGHI POCO,Trapani,Via Tripoli 91100,38.0243154,12.5278239,1.0,DIRETTO
C0368,DESPAR,Santa Ninfa,NO_ADDR,37.7699066,12.8763303,0.0,ALTRO
C0369,ARD,Trapani,NO_ADDR,37.9857215,12.5573749,0.7,TERZO
C0370,DESPAR,Trapani,Via Conte Agostino Sieri Pepoli 293 91100,38.0193788,12.543439,0.0,ALTRO
C0371,DECO,Trapani,NO_ADDR,38.0293188,12.5432467,0.85,SECONDO
C0372,FORTÈ,Trapani,NO_ADDR,38.0209028,12.5441212,0.0,ALTRO
C0373,SISA,Trapani,NO_ADDR,38.0224659,12.544291,0.55,QUARTO
C0374,CARREFOUR,Pantelleria,Via Catania 13 91017,36.8304458,11.9411093,0.0,ALTRO
C0375,CONAD,Salemi,Via Riformati 91018,37.8177708,12.7986057,0.85,SECONDO
C0376,SISA,Trapani,Via Carolina 11,38.0170326,12.5005188,0.55,QUARTO
C0377,LIDL,Trapani,NO_ADDR,37.6270666,12.7420868,0.7,TERZO
C0378,MAX,Trapani,NO_ADDR,38.0145362,12.7194438,0.0,ALTRO
C0379,JOLLY MARKET,Trapani,Via del Secco 34 91010,38.1745178,12.7395237,0.0,ALTRO
C0380,LM,San Vito Lo Capo,Via Piersanti Mattarella 53 91010,38.1760248,12.7323864,0.0,ALTRO
C0381,CARREFOUR,Pantelleria,Piazza Cavour 19 91017,36.831913,11.9454787,0.0,ALTRO
C0382,SIDIS,Trapani,NO_ADDR,38.0770481,12.6789262,0.0,ALTRO
C0383,SPACCLO ALLMENTARE,Trapani,NO_ADDR,37.7914475,12.4503786,0.0,ALTRO
C0384,SISA,Favignana,Via Francesco Crispi 13 91023,37.9301007,12.3298689,0.55,QUARTO
C0385,DECO,Trapani,Via Alessandro Manzoni 19,37.9306964,12.3306431,0.85,SECONDO
C0386,SAN PAOLO,Trapani,NO_ADDR,37.9314638,12.3281386,0.0,ALTRO
C0387,CARREFOUR,Trapani,NO_ADDR,37.7984004,12.4314683,0.0,ALTRO
C0388,MD,Trapani,NO_ADDR,38.0172452,12.522625,0.7,TERZO
C0389,CONAD,San Vito Lo Capo,Strada Provinciale 63 San Vito Lo Capo - Scopello 5 91010,38.1644392,12.736486,0.85,SECONDO
C0390,DECO,Casabianca,Via Sebastiano Lipari 1 91025,37.7891892,12.4470637,0.85,SECONDO
C0391,GLUTEN FREE,Chiesanuova,Via Alcamo 116,38.0194124,12.5356253,0.0,ALTRO
C0392,IL PINGUINO,Trapani,NO_ADDR,36.8340195,11.9450355,0.0,ALTRO
C0393,KÀLIA,Trapani,NO_ADDR,38.0288968,12.543054,0.0,ALTRO
C0394,EUROSPIN,Trapani,NO_ADDR,37.8006417,12.4678355,0.55,QUARTO
C0395,IL CENTESIMO,Trapani,NO_ADDR,38.025058,12.5269325,0.85,SECONDO
C0396,KALIA,Trapani,NO_ADDR,38.0019201,12.5357325,0.0,ALTRO
C0397,MINI MARKET,Pantelleria,91017,36.831338,11.9439063,0.0,ALTRO
C0398,LIDL,Trapani,Via Nicolò Rodolico 3 91100,38.0104783,12.566358,0.7,TERZO
C0399,COOP,Alcamo,Via Ugo Foscolo 101 91011,37.9840097,12.9572612,0.85,SECONDO
C0400,LA BOTTEGA DELLE FAMIGLIE DI MARIA MIRABELLA,Chiesanuova,Via Guglielmo Oberdan 154 91010,38.016676,12.6573437,0.0,ALTRO
C0401,CONAD,Castelvetrano,Viale dei Templi 91022,37.6612867,12.8091687,0.85,SECONDO
C0402,KAZZEN ORO DI PANTELLERIA SPECIALITÀ DELL'ISOLA CANTINA E LABORATORIO DI PRODOTTI TIPICI,Pantelleria,Via Khazzen 1 91017,36.8235696,11.9361958,0.0,ALTRO
C0403,CONAD,Pantelleria,Via Felice Cavallotti 35.37 91017,36.8297179,11.9431231,0.85,SECONDO
C0404,IL PINGUINO MARKET,Pantelleria,Via Archimede 22 91017,36.8340822,11.9450317,0.0,ALTRO
C0405,BOTTEGA DEI FEUDI,Trapani,Corso Armando Diaz 56,37.6505417,12.5932249,0.0,ALTRO
C0406,SISA,Trapani,Via Aldo Moro 11,38.0137161,12.8871158,0.55,QUARTO
C0407,IL MARKET DI FAMIGLIA,Trapani,NO_ADDR,38.0802693,12.6660119,0.0,ALTRO
C0408,BIOLOGICA,Trapani,Via Giovanbattista Fardella 156 91100,38.0193596,12.5243316,0.0,ALTRO
C0409,ALIMENTARI DA ANGELINA,Trapani,Via Rizzo 91017,36.7520962,11.9994602,0.0,ALTRO
C0410,SCIACCA SUPERMECATO,Alcamo,Piazza Bagolino 11 91011,37.9815549,12.9687156,0.0,ALTRO
C0411,CONAD,Alcamo,Via Maria Momtessori 91011,37.9820159,12.9499634,0.85,SECONDO
C0412,ALIMENTARI E MIELE,Trapani,NO_ADDR,37.9673784,12.0741299,0.0,ALTRO
C0413,A PUTIA DU' ZU' SAVERIO,Trapani,Via San Giovanni Bosco 18 91100,38.0178323,12.5187456,0.0,ALTRO
C0414,MIO MERCATO,Favignana,Via Calamoni 91023,37.9276429,12.3293734,0.0,ALTRO
C0415,COOP,Trapani,NO_ADDR,37.6355657,12.7425674,0.85,SECONDO
C0416,SUPERMERCATO 6 STORE,Trapani,NO_ADDR,37.6920161,12.8001183,0.0,ALTRO
C0417,SUPERMECATO LA BOTTEGA DEI SAPORI,Trapani,NO_ADDR,37.5850969,12.7862614,0.0,ALTRO
C0418,TUTTO MARKET,Trapani,NO_ADDR,37.5847775,12.7828342,0.0,ALTRO
C0419,TODIS,Trapani,NO_ADDR,38.0212033,12.8893788,0.0,ALTRO
C0420,CONAD,Custonaci,Via Assieni 112 91015,38.0676211,12.686845,0.85,SECONDO
C0421,GAS IN BOMBOLE,Trapani,Piazza Giacomo Matteotti 5,38.0245961,12.8815624,0.0,ALTRO
C0422,ALIMENTARI VÈ GÈ MANGANI,Trapani,Via Roma 106,38.0239374,12.8797258,0.0,ALTRO
C0423,NON SOLO CAFFÈ,Trapani,Piazza Giacomo Matteotti,38.0246199,12.8817885,0.0,ALTRO
C0424,NON SOLO CAFFÈ,Trapani,Corso Giuseppe Garibaldi 299,38.0218867,12.8810347,0.0,ALTRO
C0425,COOP,Trapani,Viale Luigi Sturzo 44,37.8071813,12.8688619,0.85,SECONDO
C0426,CARREFOUR,Trapani,2,37.8056755,12.870786,0.0,ALTRO
C0427,GIBEL FRUTTA,Trapani,Viale degli Elimi 53,37.8057246,12.8759641,0.0,ALTRO
C0428,CONAD,Trapani,Viale Ibn Hamdis 3,37.8131785,12.8733839,0.85,SECONDO
C0429,SANTANGELO SUPERMARKET DAL 1942,Trapani,Viale Vitaliano Brancati 37,37.8145402,12.8709495,0.0,ALTRO
C0430,GRIMALDI MARKET,Trapani,Viale Antonello Gagini 46,37.8128597,12.8711692,0.0,ALTRO
C0431,DESPAR,Trapani,Via Mondello 83 91010,38.1742924,12.7356818,0.0,ALTRO
C0432,MAX SUPERMERCATI,Trapani,NO_ADDR,38.0157561,12.5119327,0.0,ALTRO
C0433,SOFT DISCOUNT,Trapani,NO_ADDR,37.8029323,12.4345101,0.0,ALTRO
C0434,TRASCINA MARKET,Trapani,NO_ADDR,37.5853147,12.7963035,0.0,ALTRO
C0435,CONAD,Casabianca,Via Mazara 16 91025,37.7856189,12.4513438,0.85,SECONDO
C0436,ALIMENTARI ANNA E SIMONE,Trapani,NO_ADDR,37.5661537,12.7082776,0.0,ALTRO
C0437,CONAD,Castelvetrano,Via Giovanni Gentile 8 91022,37.6999258,12.8058222,0.85,SECONDO
C0438,MIO MERCATO,Trapani,NO_ADDR,37.7765969,12.8792442,0.0,ALTRO
C0439,MINI MARKET SESTA,Trapani,Via Vittorio Emanuele II 36,37.9311842,12.3277989,0.0,ALTRO
C0440,A PUTIA,Trapani,NO_ADDR,37.9315155,12.3286613,0.0,ALTRO
C0441,MD,Trapani,Via Gemma d'Oro 4 91014,38.0160878,12.8918902,0.7,TERZO
C0442,MIO,Trapani,NO_ADDR,38.0612764,12.8279354,0.0,ALTRO
C0443,PENNY,Trapani,NO_ADDR,37.7922008,12.4604766,0.0,ALTRO
C0444,DIPIU,Trapani,NO_ADDR,38.0308126,12.9512977,0.0,ALTRO
C0445,SELLA DEL MARE,Trapani,NO_ADDR,38.0261418,12.928513,0.0,ALTRO
C0446,SISA,Trapani,Via Nicolò Riccio 69,38.0218271,12.5222344,0.55,QUARTO
C0447,EUROSPIN,Trapani,Via Mare 135,37.6266953,12.7417067,0.55,QUARTO
C0448,CONAD,Trapani,33,38.0150593,12.5120762,0.85,SECONDO
C0449,HU JINMEI,Trapani,Corso Italia 38/b,38.0148647,12.5121097,0.0,ALTRO
C0450,BANIMARIAMA MARKET,Trapani,NO_ADDR,38.0175126,12.5179641,0.0,ALTRO
C0451,LA DELIZIOSA,Trapani,NO_ADDR,38.0163897,12.507605,0.0,ALTRO
C0452,SCALO MARKET,Trapani,NO_ADDR,37.5821286,12.838818,0.0,ALTRO
C0453,3G,Trapani,NO_ADDR,37.5863234,12.8385316,0.0,ALTRO
C0454,DECO,Mazara del Vallo,Viale Val Demone 29 91026,37.6537509,12.6035674,0.85,SECONDO
C0455,CONAD,Mazara del Vallo,Viale Val di Noto 58 91026,37.6521941,12.6080111,0.85,SECONDO
C0456,CONAD,Marsala,91025,37.7455433,12.4885538,0.85,SECONDO
C0457,COSTO ZERO,Trapani,144,37.6581823,12.6021294,0.0,ALTRO
C0458,COSTO ZERO,Trapani,NO_ADDR,37.6600532,12.5949492,0.0,ALTRO
C0459,ALIMENTARI BENIGNO MARCELLO,Trapani,NO_ADDR,37.658769,12.5997492,0.0,ALTRO
C0460,PAGHI POCO,Mazara del Vallo,Via Monsignor Giovanni Lozano 2 91026,37.6437783,12.61597,1.0,DIRETTO
C0461,PAGHI POCO,Trapani,NO_ADDR,37.9987637,12.534351,1.0,DIRETTO
C0462,SIMPLY,Trapani,NO_ADDR,37.9149194,12.8604302,0.0,ALTRO
C0463,SPACCIO ALIMENTARE,Trapani,NO_ADDR,37.9871436,12.9562632,0.0,ALTRO
C0464,HARD DISCOUNT,Trapani,Via John Fitzgerald Kennedy 91011,37.9728189,12.9551569,0.7,TERZO
C0465,CRAI,Trapani,NO_ADDR,37.826044,12.7849187,0.55,QUARTO
C0466,EUROSPIN,Castelvetrano,Via Caduti di Nassiriya 49 91022,37.669871,12.8152398,0.55,QUARTO
C0467,DECO,Castellammare del Golfo,Viale Leonardo da Vinci 22,38.0197713,12.8876491,0.85,SECONDO
C0468,MIO MERCATO,Alcamo,Via Madonna del Riposo 137 91011,37.9724399,12.9688606,0.0,ALTRO
C0469,EUROSPIN,Alcamo,Via Gammara 86 91011,37.9896284,12.9480412,0.55,QUARTO
C0470,PAGHI POCO,Alcamo,Via Gammara 23 91011,37.9844246,12.9519538,1.0,DIRETTO
C0471,LIDL,Castelvetrano,Via Caduti di Nassiriya snc,37.66194,12.81038,0.7,TERZO
C0472,FAMILA MARKET,Salemo,Via Aldo Moro 28 91018,37.8280838,12.8096075,0.0,ALTRO
C0473,GIOMARKET S.A.S. DI VINCENZO PIAZZA,Mazara del Vallo,Via San Pietro 8 91026,37.655504,12.5841656,0.0,ALTRO
C0474,LIDL,Mazara del Vallo,Via Salemi 249 91026,37.6607087,12.6083615,0.7,TERZO
C0475,TOP MARKET,Messina,NO_ADDR,37.8155112,15.2632707,0.0,ALTRO
C0476,DECO,Patti,Via Papa Giovanni XXIII 98066,38.149951,14.9732084,0.85,SECONDO
C0477,EUROSPIN,Patti,Via Giovanni XXIII 98066,38.1478647,14.9789638,0.55,QUARTO
C0478,DECO,Messina,Via Apollo Arcageta 19,37.851711,15.2813899,0.85,SECONDO
C0479,DECO,Messina,NO_ADDR,37.8277696,15.2684599,0.85,SECONDO
C0480,DECO,Messina,Corso Vittorio Emanuele,38.4695453,14.9547011,0.85,SECONDO
C0481,CRAI,Messina,NO_ADDR,38.4881549,14.9636375,0.55,QUARTO
C0482,NO_NAME,Messina,NO_ADDR,38.4704618,14.9545653,0.0,ALTRO
C0483,SISA,Messina,NO_ADDR,38.4864298,14.966572,0.55,QUARTO
C0484,PETRUSA,Messina,NO_ADDR,38.8061247,15.2323739,0.0,ALTRO
C0485,FAMULARO,Messina,NO_ADDR,38.8067748,15.233164,0.0,ALTRO
C0486,MANAGÒ,Messina,NO_ADDR,37.8525798,15.2882468,0.0,ALTRO
C0487,ALIMENTARI,Messina,NO_ADDR,38.7867997,15.1903841,0.0,ALTRO
C0488,BAZAR,Messina,NO_ADDR,38.7865707,15.1904295,0.0,ALTRO
C0489,LA BOTTEGA DEL MARANO,Messina,NO_ADDR,38.8042634,15.2350244,0.0,ALTRO
C0490,LA SPESA CHE CONVIENE,Messina,NO_ADDR,38.1918076,15.2274432,0.0,ALTRO
C0491,L'ANGOLO DEI SALUMI,Messina,NO_ADDR,38.1703915,15.5296279,0.0,ALTRO
C0492,SUPERMERCATO FORTÈ,Messina,NO_ADDR,38.169967,15.5300842,0.0,ALTRO
C0493,NO_NAME,Messina,Via Giovanni Di Giovanni 98147,38.1719529,15.5248284,0.0,ALTRO
C0494,SUPERMERCATO,Messina,98155,38.2634568,15.5225742,0.0,ALTRO
C0495,PAM,Messina,NO_ADDR,38.2613488,15.5999746,0.0,ALTRO
C0496,ARD,Messina,Viale Annunziata 106 98168,38.2233138,15.5529733,0.7,TERZO
C0497,LA BOTTEGA DI NINO,Messina,NO_ADDR,37.8589084,15.2769537,0.0,ALTRO
C0498,DECO,Lipari,Via Madre Florenzia Profilio 11,38.465241,14.953756,0.85,SECONDO
C0499,MD,Messina,Via Consolare Pompea,38.2513159,15.5920093,0.7,TERZO
C0500,CONAD,Malfa,Via Roma 161 98050,38.5786567,14.8335119,0.85,SECONDO
C0501,LA BOTTEGA,Messina,NO_ADDR,38.5784129,14.8363919,0.0,ALTRO
C0502,MAXISCONTO,Messina,NO_ADDR,37.8819961,15.3083448,0.0,ALTRO
C0503,ALIMENTARI TARANTO PATRIZIA,Messina,NO_ADDR,38.5482492,14.8286067,0.0,ALTRO
C0504,DA CARLO,Messina,NO_ADDR,38.5390709,14.8700864,0.0,ALTRO
C0505,ALIS SUPERMERCATI,Messina,NO_ADDR,38.413474,14.9591002,0.0,ALTRO
C0506,MAX,Messina,NO_ADDR,38.222515,15.2394102,0.0,ALTRO
C0507,SPEED MARKET,Messina,NO_ADDR,38.1166987,15.1007783,0.0,ALTRO
C0508,SIGMA,Messina,NO_ADDR,38.1995288,15.3499569,0.0,ALTRO
C0509,SIMPLY MARKET SMA,Messina,Viale San Martino 21 98123,38.1820889,15.5525143,0.0,ALTRO
C0510,PUNTO SMA,Messina,Viale San Martino 407 E 98124,38.1719799,15.5436758,0.0,ALTRO
C0511,CARREFOUR,Messina,NO_ADDR,38.1745268,15.5497537,0.0,ALTRO
C0512,SPACCIO ALIMENTARE,Messina,98125,38.1560204,15.5329222,0.0,ALTRO
C0513,ARD,Messina,NO_ADDR,38.2168629,15.2377507,0.7,TERZO
C0514,DESPAR,Messina,NO_ADDR,38.1952949,15.2421559,0.0,ALTRO
C0515,3A,Messina,NO_ADDR,38.1499591,15.2148643,0.0,ALTRO
C0516,SIDIS,Messina,NO_ADDR,38.191887,15.2478846,0.0,ALTRO
C0517,DA BIAGIO,Messina,NO_ADDR,38.5621817,14.8731219,0.0,ALTRO
C0518,BRUNO,Panarea,NO_ADDR,38.6365122,15.0759261,0.0,ALTRO
C0519,SUPERMERCATO DA ANNA,Messina,NO_ADDR,38.6368321,15.0772465,0.0,ALTRO
C0520,MANDARANO,Messina,Via Porto di Levante,38.4127343,14.9587012,0.0,ALTRO
C0521,PREZZO AMICO,Messina,NO_ADDR,38.217898,15.2392997,0.0,ALTRO
C0522,ILS DISCOUNT,Messina,NO_ADDR,38.1945636,15.2765738,0.0,ALTRO
C0523,SIDIS,San Piero Patti,Via Giuseppe Garibaldi 3 98068,38.0519793,14.9666378,0.0,ALTRO
C0524,LEKKERLAND,Messina,Via Ghibellina 150 E 98123,38.1848814,15.5517144,0.0,ALTRO
C0525,MINI MARKET ASIA SANDR,Messina,Via Luciano Manara 123 98123,38.1843643,15.5516869,0.0,ALTRO
C0526,CONAD,Patti,Via Case Nuove Russo 62 98066,38.1391997,14.9889461,0.85,SECONDO
C0527,CONAD,Messina,NO_ADDR,38.1726212,14.9434898,0.85,SECONDO
C0528,MINI MARKET,Messina,NO_ADDR,38.1744701,14.9425349,0.0,ALTRO
C0529,SUPERALIMENTARI,Messina,NO_ADDR,38.1749203,14.9442204,0.0,ALTRO
C0530,SPACCIO ALIMENTARE,Messina,NO_ADDR,38.1806677,15.3067971,0.0,ALTRO
C0531,VIVIAMOBIO,Messina,NO_ADDR,38.2190642,15.2374386,0.0,ALTRO
C0532,FOTI,Messina,NO_ADDR,38.2138194,15.2416137,0.0,ALTRO
C0533,TABACCHI TANINA,Messina,Corso Vittorio Emanuele 39,38.8041158,15.235772,0.0,ALTRO
C0534,D'ANGELO,Messina,NO_ADDR,38.7993288,15.2383719,0.0,ALTRO
C0535,ETNA MARKET 2,Messina,Viale San Pancrazio 3,37.8550449,15.2890641,0.0,ALTRO
C0536,'A PUTIA,Messina,NO_ADDR,38.5608601,14.5815022,0.0,ALTRO
C0537,CENTRO CONVENIENZA,Messina,NO_ADDR,38.1614897,15.2030584,0.0,ALTRO
C0538,CICCIARI,Messina,NO_ADDR,38.1721132,15.1970419,0.0,ALTRO
C0539,FORMICA,Messina,NO_ADDR,38.1820577,15.2226775,0.0,ALTRO
C0540,MAXI ALIMENTARI,Messina,NO_ADDR,38.4639075,14.9541805,0.0,ALTRO
C0541,DESPAR,Cesaro,Vico Pizzipiturro 98033,37.8450595,14.7174477,0.0,ALTRO
C0542,SUPER SPACCIO ALIMENTARE,Messina,Largo Avignone 98123,38.1826993,15.548824,0.0,ALTRO
C0543,ASIAN MARKET,Messina,Piazza Francesco Lo Sardo 9 98123,38.185853,15.5508637,0.0,ALTRO
C0544,ASIAN BAZAAR,Messina,Piazza Francesco Lo Sardo 39 98123,38.1864763,15.5510194,0.0,ALTRO
C0545,CONAD,Francavilla di Sicilia,Contrada Ruana 6 98034,37.9002208,15.143766,0.85,SECONDO
C0546,SPAR,Leni,Via Libertà 35 98050,38.5546682,14.8231984,0.0,ALTRO
C0547,FRUTTA E VERDURA GRASSO FRANCESCO,Messina,NO_ADDR,38.0899547,15.1380582,0.0,ALTRO
C0548,A PASTARA,Giardini-Naxos,Corso Umberto I 22,37.8421915,15.279826,0.0,ALTRO
C0549,SPACCIO ALIMENTARE,Messina,Contrada Avarna 98152,38.2220999,15.5298872,0.0,ALTRO
C0550,MERCATI ALIMENTARI,Messina,NO_ADDR,38.1366147,15.5220164,0.0,ALTRO
C0551,LA LUCIESE,Messina,NO_ADDR,38.144401,15.2801692,0.0,ALTRO
C0552,MERSÌ,Messina,NO_ADDR,38.2017959,15.3208424,0.0,ALTRO
C0553,CENTRO ENERGIA NATURA,Messina,NO_ADDR,38.2219468,15.2393187,0.0,ALTRO
C0554,MGE MARKET,Messina,NO_ADDR,38.1431052,15.2154908,0.0,ALTRO
C0555,DESPAR,Librizzi,Contrada Murmari 181 98064,38.0711292,14.9780222,0.0,ALTRO
C0556,ALIMENTARI - SALUMERIA - PRODOTTI TIPICI DI MONTALBANO ELICONA,Messina,NO_ADDR,38.2271031,15.2435712,0.0,ALTRO
C0557,PUNTO SMA,Messina,NO_ADDR,38.0885058,15.1355058,0.0,ALTRO
C0558,LA BOTTEGA DEL BORGO DI PUGLISI SALVINA,Messina,NO_ADDR,38.0163854,15.1371421,0.0,ALTRO
C0559,SIDIS,Gioiosa Marea,Via Giuseppe Mazzini 44 98063,38.1746314,14.8983656,0.0,ALTRO
C0560,EUROSPIN,Milazzo,Via Acqueviole 98057,38.2077131,15.2540533,0.55,QUARTO
C0561,DECO,Messina,Via Consolare Pompea 1549 98166,38.2525815,15.5962722,0.85,SECONDO
C0562,MINI MARKET DA CARMEN,Messina,NO_ADDR,38.1642047,15.3460749,0.0,ALTRO
C0563,TABACCHI CASABLANCA,Messina,Strada Provinciale 12 di Roccafiorita,37.9402191,15.3048775,0.0,ALTRO
C0564,"TABACCHI, CARTOLERIA, ARTICOLI PER LA CASA",Messina,NO_ADDR,38.0031738,15.3174543,0.0,ALTRO
C0565,LA MIA TERRA,Messina,NO_ADDR,38.1778843,15.2481477,0.0,ALTRO
C0566,COOP,Messina,NO_ADDR,38.1868648,15.2675159,0.85,SECONDO
C0567,LA BOTTEGA DEI SAPORI,Messina,NO_ADDR,38.2252744,15.2411667,0.0,ALTRO
C0568,ALIMENTARI,San Filippo del Mela,Corso Giuseppe Garibaldi 85 98044,38.1754837,15.264978,0.0,ALTRO
C0569,ASIA STORE,Messina,NO_ADDR,38.2228091,15.2412901,0.0,ALTRO
C0570,TUODÍ,Messina,NO_ADDR,38.1900359,15.544602,0.0,ALTRO
C0571,TRADE MARKET SUPERMERCATO,Milazzo,Via Madonna delle Grazie 18 98057,38.1929652,15.2522971,0.0,ALTRO
C0572,ALLA VECCHIA BOTTEGA,Messina,NO_ADDR,38.167191,15.2132589,0.0,ALTRO
C0573,L'AMACA,Messina,NO_ADDR,38.1606512,14.7432371,0.0,ALTRO
C0574,LA DISTRIBUZIONE,Messina,NO_ADDR,38.1630424,14.8482753,0.0,ALTRO
C0575,NO_NAME,Messina,Via Bellini 29,38.1232217,15.0610117,0.0,ALTRO
C0576,MINIMARKET DEI SAPORI,Patti,Strada Provinciale 118 di Mongiove 12 98066,38.1473774,15.0147578,0.0,ALTRO
C0577,LITTLE MARKET,Patti,Piazza Francesco Niosi 5 98066,38.1376056,14.9655839,0.0,ALTRO
C0578,BERNAVA,Messina,NO_ADDR,38.1337934,15.1667187,0.0,ALTRO
C0579,ALIMENTARI TIRINTINO GIUSEPPA,San Piero Patti,Via Torquato Tasso 25 98068,38.0518843,14.9663772,0.0,ALTRO
C0580,MAXI RISPARMIO,San Piero Patti,Via Varese 11 98068,38.0512457,14.9672378,0.0,ALTRO
C0581,LA COCCINELLA,Messina,NO_ADDR,38.1413371,15.2171813,0.0,ALTRO
C0582,MD,Messina,NO_ADDR,38.1553181,15.2124626,0.7,TERZO
C0583,VIA VAI,Messina,NO_ADDR,38.1543717,14.7715054,0.0,ALTRO
C0584,CONAD,Acquedolci,Via Etna 1 98070,38.0561134,14.5730818,0.85,SECONDO
C0585,PASTOVO,Capo d'Orlando,Via Tripoli 98071,38.1600076,14.7425788,0.0,ALTRO
C0586,SAPORI DI SICILIA,Messina,NO_ADDR,38.1285414,15.1439512,0.0,ALTRO
C0587,SHANTY,Messina,NO_ADDR,38.4714268,14.9540735,0.0,ALTRO
C0588,DA PINA,Messina,NO_ADDR,38.4685599,14.9547577,0.0,ALTRO
C0589,CONAD,Capo D'Orlando,2 98071,38.1220343,14.7216716,0.85,SECONDO
C0590,QUALITÀ SUPERMERCATI,Capo d'Orlando,Via Vittorio Veneto 98071,38.1595849,14.7431462,0.0,ALTRO
C0591,ALIMENTARI E BAZAR DOMINA,Messina,NO_ADDR,38.1244859,15.0613716,0.0,ALTRO
C0592,SUPERMERCATO VINCI,Messina,NO_ADDR,38.2033004,15.5580472,0.0,ALTRO
C0593,DECO,Gioiosa Marea,Via Umberto I 24 98063,38.1715532,14.8934869,0.85,SECONDO
C0594,SIGMA,Patti,Via Giovanni XXIII 98066,38.1486308,14.9792649,0.0,ALTRO
C0595,SUPERMERCATO DECÓ,Messina,NO_ADDR,38.2009441,15.5558188,0.0,ALTRO
C0596,MERSI,Messina,NO_ADDR,38.2055836,15.5579044,0.0,ALTRO
C0597,R&K,Orto Liuzzo,SS113dir,38.2462253,15.4507765,0.0,ALTRO
C0598,ORTOFRUTTA,Messina,NO_ADDR,38.5621948,14.8703371,0.0,ALTRO
C0599,BENINATI,Messina,NO_ADDR,38.5600763,14.8721009,0.0,ALTRO
C0600,LIDL,Messina,NO_ADDR,38.1519724,15.5295289,0.7,TERZO
C0601,THAKWA,Messina,NO_ADDR,38.2219091,15.2419086,0.0,ALTRO
C0602,DESPAR,Capo d'Orlando,Via Cristoforo Colombo 51 98071,38.1617312,14.7471387,0.0,ALTRO
C0603,DESPAR,Capo d'Orlando,98071,38.1540387,14.7711241,0.0,ALTRO
C0604,RIZZO,Messina,NO_ADDR,38.0509345,14.9662837,0.0,ALTRO
C0605,SUPERMERCATO MICELI,Patti,Via Vittorio Emanuele II 33 98066,38.1370385,14.9647508,0.0,ALTRO
C0606,SPESA MIA,Messina,NO_ADDR,38.4882995,14.9642491,0.0,ALTRO
C0607,CARPE DIEM,Messina,NO_ADDR,38.5597145,14.8718502,0.0,ALTRO
C0608,EOLOS,Messina,NO_ADDR,38.5585527,14.8712109,0.0,ALTRO
C0609,SICILY MARKET,Messina,NO_ADDR,37.878304,15.3052641,0.0,ALTRO
C0610,DESPAR,Capizzi,Via Giacomo Matteotti 2,37.8496956,14.4817574,0.0,ALTRO
C0611,ETNICO ALIMENTARI,Messina,NO_ADDR,38.4655106,14.9546731,0.0,ALTRO
C0612,CARMELINE,Messina,NO_ADDR,38.1218846,15.113014,0.0,ALTRO
C0613,TASTING SICILY,Graniti,Via Monsignor Francesco Maria Di Francia 8 98036,37.8879921,15.223396,0.0,ALTRO
C0614,SUPERMERCATO L'OASI DEL MARANO,Messina,NO_ADDR,38.8025224,15.2379914,0.0,ALTRO
C0615,BAZAR STRAMANDINO,Messina,NO_ADDR,38.061173,15.061696,0.0,ALTRO
C0616,SUPERMERCATO CAUTELA,Messina,NO_ADDR,38.0617338,15.0639969,0.0,ALTRO
C0617,L'ANTICA BOTTEGA,Messina,NO_ADDR,38.2825508,15.5002155,0.0,ALTRO
C0618,DECO,Messina,Strada Statale 114 98128,38.1390581,15.5229279,0.85,SECONDO
C0619,EUROSPIN,Messina,NO_ADDR,38.143863,15.5246241,0.55,QUARTO
C0620,MERSÍ SUPERMERCATI,Messina,Strada Statale 114 98128,38.1363801,15.5229095,0.0,ALTRO
C0621,SUPERCONVENIENTE,Messina,NO_ADDR,38.1809164,15.266903,1.0,DIRETTO
C0622,PUNTO SPESA,Messina,NO_ADDR,38.124561,15.11456,0.0,ALTRO
C0623,MP MARKET,Messina,NO_ADDR,38.1401571,14.7230978,0.0,ALTRO
C0624,MINIMARKET,Messina,NO_ADDR,38.0504863,15.4372508,0.0,ALTRO
C0625,GIANFRY MARKET,Messina,NO_ADDR,38.0379275,15.4537591,0.0,ALTRO
C0626,SUPERMERCATO MERSÍ,Messina,NO_ADDR,37.9716622,15.3923762,0.0,ALTRO
C0627,DESPAR,Santa Teresa di Riva,Via Regina Margherita 596 98028,37.9554807,15.3764486,0.0,ALTRO
C0628,SUPERMERCATO ITALMEC,Messina,NO_ADDR,38.02143,14.7028747,0.0,ALTRO
C0629,SUPERMECATO QUI CONVIENE,Messina,NO_ADDR,38.021394,14.701193,0.0,ALTRO
C0630,GANGEMI CATERINA,Messina,NO_ADDR,38.1600048,15.3494983,0.0,ALTRO
C0631,ALIMENTARI DISTEFANO,Messina,NO_ADDR,38.0229952,15.0140112,0.0,ALTRO
C0632,PANIFICIO IL BUON PANE,Savoca,Via Chiesa Madre 2,37.9551343,15.3395915,0.0,ALTRO
C0633,SOSTY DISCOUNT,Messina,NO_ADDR,38.1527892,14.8250299,0.0,ALTRO
C0634,SUPERMERCATO,Messina,NO_ADDR,38.8001142,15.2387182,0.0,ALTRO
C0635,COOP,Messina,Via Vittorio Emanuele 173,37.8814042,15.3075357,0.85,SECONDO
C0636,ILS DISCOUNT,Messina,Via John Fitzgerald Kennedy,38.1468057,14.9654965,0.0,ALTRO
C0637,CONAD,Messina,Viale Giostra 98121,38.218826,15.5331748,0.85,SECONDO
C0638,COOP,Taormina,Via dietro Cappuccini 3D 98039,37.8550951,15.288335,0.85,SECONDO
C0639,FAMILA,Messina,NO_ADDR,38.1155514,15.5139126,0.0,ALTRO
C0640,CONAD,Capri Leone,Via Barone Cupane 1 98070,38.1103446,14.7092068,0.85,SECONDO
C0641,EURO SPIN,Messina,NO_ADDR,37.830805,15.251308,0.0,ALTRO
C0642,MINI-MARKET DI CENTI ANNAMARIA,Messina,Via San Lucia San Stefano Briga 98137,38.0999612,15.4804032,0.0,ALTRO
C0643,COOP,Messina,98142,38.0688791,15.4695391,0.85,SECONDO
C0644,MINIMARKET,Messina,98146,38.1735954,15.4987253,0.0,ALTRO
C0645,NO_NAME,Messina,Via Bagnoli Croce 62,37.8516411,15.2894286,0.0,ALTRO
C0646,REMATO MARKET,Messina,NO_ADDR,37.8290661,15.2685801,0.0,ALTRO
C0647,SUPER SPACCIO ALIMENTARE,Messina,NO_ADDR,38.1856797,15.2659701,0.0,ALTRO
C0648,HARD DISCOUNT,Messina,NO_ADDR,38.1476248,15.2149218,0.7,TERZO
C0649,PAGHI POCO,Messina,NO_ADDR,38.072195,14.6394684,1.0,DIRETTO
C0650,DESPAR,Capo d'Orlando,Contrada Muscale 98071,38.1570721,14.7463049,0.0,ALTRO
C0651,CENTRO RISPARMIO,Messina,NO_ADDR,38.1527479,14.7418485,0.0,ALTRO
C0652,BEACH BAZAR ALDO,Messina,NO_ADDR,37.8759284,15.3029297,0.0,ALTRO
C0653,LETO,Messina,NO_ADDR,37.880043,15.3062299,0.0,ALTRO
C0654,LA DISTRIBUZIONE SRL DEI FRATELLI NACITI,Messina,NO_ADDR,38.0830575,14.8461913,0.0,ALTRO
C0655,ALIMENTARE DA ANNA,Messina,NO_ADDR,37.8747521,15.3020793,0.0,ALTRO
C0656,EURO MARKET,Messina,NO_ADDR,37.8175046,15.2657337,0.0,ALTRO
C0657,LIDL,Canicattì,Via Regina Elena 41,37.35666,13.85151,0.7,TERZO
C0658,EUROSPIN,Canicattì,Via Armando Diaz 122,37.350223294362,13.855567958155,0.55,QUARTO
C0659,SUPERCONVENIENTE,Canicattì,Via Alcide De Gasperi 125,37.3501516,13.8551791,1.0,DIRETTO
C0660,SUPERCONVENIENTE,Canicattì,Via Senatore Sammartino 39,37.3499445,13.8378039,1.0,DIRETTO
C0661,PAGHI POCO,Canicattì,Viale Giudice A. Saetta 74,37.35045,13.8561,1.0,DIRETTO
C0662,PAGHI POCO,Canicattì,Via Carlo Alberto 141 BIS,37.3522,13.8506,1.0,DIRETTO
C0663,PAGHI POCO,Canicattì,Piazza Don Bosco 1,37.3553,13.8479,1.0,DIRETTO
C0664,CONAD,Canicattì,Largo Barone Giacomo I Bonanno Colonna 12-13-14-15,37.3581,13.8472,0.85,SECONDO
C0665,PAGHI POCO,Vittoria,Via Generale Cascino 48,36.9595,14.52075,1.0,DIRETTO
C0666,PAGHI POCO,Vittoria,Via Virgilio Failla 16,36.955787,14.529922,1.0,DIRETTO
C0667,SUPERCONVENIENTE,Vittoria,Via Pozzo Bollente 5,36.9604655,14.5155291,1.0,DIRETTO
C0668,PAGHI POCO,Gela,Via Mozart,37.0742,14.2324,1.0,DIRETTO
C0669,PAGHI POCO,Gela,Via Butera,37.083,14.2113,1.0,DIRETTO
C0670,PAGHI POCO,Gela,Via Padre Arancio da Terranova,37.0785,14.2255,1.0,DIRETTO
C0671,SUPERCONVENIENTE,Gela,Via Venezia 319 / Via Recanati 96,37.07539,14.243956,1.0,DIRETTO
C0672,PAGHI POCO,Agrigento,Viale Cannatello 34/A4,37.2742,13.5722,1.0,DIRETTO
C0673,PAGHI POCO,Agrigento,Via Unità d'Italia 41 - c.da Minaga,37.2921,13.5845,1.0,DIRETTO
C0674,CONAD,Ragusa,Via Vincenzo Malfitano 9,36.9215,14.7067,0.85,SECONDO
C0675,CONAD,Ispica,Contrada Garzalla snc,36.778192,14.914206,0.85,SECONDO
C0676,CONAD,Ispica,Via Vittorio Veneto 29/A,36.7871,14.9059,0.85,SECONDO
C0677,CONAD,Rosolini,Via Giuga 112,36.8235,14.952,0.85,SECONDO
C0678,CONAD,Rosolini,Via Sipione ang. Via Argentina snc,36.822001,14.945812,0.85,SECONDO
C0679,PAGHI POCO,Castelvetrano,Via Caduti di Nassiriya,37.66452,12.81185,1.0,DIRETTO
C0680,DECO,Pozzallo,Via Torino 100,36.7311978,14.8414945,0.85,SECONDO
C0681,SIDIS,Pozzallo,Via Alcide De Gasperi 31,36.731,14.844,0.0,ALTRO
C0682,DECO,Modica,Viale Medaglie d'Oro 36,36.8549982,14.759,0.85,SECONDO
C0683,DECO,Modica,Via Sacro Cuore 12/14,36.86,14.764,0.85,SECONDO
C0684,EUROSPIN,Comiso,C.da Mastrella 343,36.9554,14.6216,0.55,QUARTO
C0685,CONAD,Scicli,Via Tagliamento 15,36.792034,14.70168,0.85,SECONDO
C0686,CONAD,Scicli,Viale I° Maggio 122,36.7907,14.7077,0.85,SECONDO
C0687,EUROSPIN,Mazara del Vallo,Via Giovanni Falcone 61,37.6512,12.6062,0.55,QUARTO
C0688,CONAD,Partanna,Via Nicolò Tortorici 10,37.6539734,12.5969541,0.85,SECONDO
C0689,LIDL,Campobello di Mazara,Via Mare snc,37.5742,12.7467,0.7,TERZO
C0690,SUPERCONVENIENTE,Palermo,Via Geremia 6 / Via Dandolo 13,38.1217424,13.3370571,1.0,DIRETTO
C0691,SUPERCONVENIENTE,Ragusa,Via Giorgio la Pira 7,36.919390382741,14.710618874561,1.0,DIRETTO
C0692,SUPERCONVENIENTE,Lascari,C.da Piana Romana Snc,38.010926,13.931915,1.0,DIRETTO
C0693,SUPERCONVENIENTE,Palermo,Via Assoro 25,38.1328722,13.3006896,1.0,DIRETTO
C0694,SUPERCONVENIENTE,Palermo,Via Leonardo Da Vinci 328,38.1267402,13.3202603,1.0,DIRETTO
C0695,SUPERCONVENIENTE,Palermo,Via Ingham 4,38.0947383,13.3973185,1.0,DIRETTO
C0696,SUPERCONVENIENTE,Avola,Via Caduti di Nassirya 4/6,36.9159949,15.1464558,1.0,DIRETTO
C0697,SUPERCONVENIENTE,Siracusa,Viale Teracati,37.0794119,15.2814036,1.0,DIRETTO
C0698,SUPERCONVENIENTE,Siracusa,Via Lino Romano Snc,37.089529,15.260665,1.0,DIRETTO
C0699,SUPERCONVENIENTE,Custonaci,Via Purgatorio snc - Z.I.,38.0814842,12.6888937,1.0,DIRETTO
C0700,SUPERCONVENIENTE,Trapani,Zona Industriale,38.0173505,12.5365171,1.0,DIRETTO
C0701,SUPERCONVENIENTE,Trapani,Via Calvino,38.0230053,12.526075,1.0,DIRETTO
C0702,SUPERCONVENIENTE,San Giovanni La Punta,Via della Regione 71,37.5784995,15.089663,1.0,DIRETTO
C0703,SUPERCONVENIENTE,Caltanissetta,Via Due Fontane,37.4868742,14.0330532,1.0,DIRETTO
C0704,DECO,Caltanissetta,Viale Della Regione 102,37.4930666,14.0449217,0.85,SECONDO
C0705,DECO,Siracusa,Via Tisia 67,37.085045,15.28836,0.85,SECONDO
C0706,DECO,Favignana,Via Alessandro Manzoni 19,37.9307763,12.3314109,0.85,SECONDO
C0707,DECO,Portopalo di Capo Passero,Via Roma 82,36.68169,15.1338754,0.85,SECONDO
C0708,DECO,Catania,Via Messina 625/627,37.5347824,15.1160511,0.85,SECONDO
C0709,DECO,Catania,Corso Sicilia 50,37.5074867,15.0895284,0.85,SECONDO
C0710,IL CENTESIMO,Agrigento,Via Unità D’Italia 86,37.3115337,13.5771404,0.85,SECONDO
C0711,IL CENTESIMO,Canicattì,Via Gen. Giangreco 3,37.3241386,13.6635017,0.85,SECONDO
C0712,IL CENTESIMO,Favara,Via Capitano Callea 91,37.2927134,13.5267988,0.85,SECONDO
C0713,IL CENTESIMO,Porto Empedocle,Via Generale Caviglia 24,37.506069,13.07455,0.85,SECONDO
C0714,IL CENTESIMO,Villaggio Mosè,Viale Cannatello,37.2597933,13.6248568,0.85,SECONDO
C0715,IL CENTESIMO,Villaggio Mosè,Via Leonardo Sciascia 22,37.2782803,13.6102242,0.85,SECONDO
C0716,IL CENTESIMO,Caltanissetta,Via Amari 2,37.497587,14.0553077,0.85,SECONDO
C0717,IL CENTESIMO,Caltanissetta,Via Salvatore Averna 29,37.4726633,14.05552,0.85,SECONDO
C0718,IL CENTESIMO,Caltanissetta,Viale Sicilia 6,37.4915258,14.051625,0.85,SECONDO
C0719,IL CENTESIMO,San Cataldo,Viale della Rinascita 1,37.4895701,13.9979375,0.85,SECONDO
C0720,IL CENTESIMO,Acireale,Via Mandorle 24,37.6040577,15.1620888,0.85,SECONDO
C0721,IL CENTESIMO,Bronte,Via Pegaso 1,37.7927055,14.8256721,0.85,SECONDO
C0722,IL CENTESIMO,Giarre,Viale Libertà,37.7260735,15.1922505,0.85,SECONDO
C0723,IL CENTESIMO,Misterbianco,Corso Carlo Marx ang. Via L. Franchetti 2,37.5121723,15.0322352,0.85,SECONDO
C0724,IL CENTESIMO,Barrafranca,Contrada Albana,37.3754325,14.2008648,0.85,SECONDO
C0725,IL CENTESIMO,Enna,Via A. Manzoni 21,37.568912,14.270187,0.85,SECONDO
C0726,IL CENTESIMO,Bagheria,Via Monaco I,38.0864439,13.5007649,0.85,SECONDO
C0727,IL CENTESIMO,Palermo,Via Cardinale Borromeo 10/12,38.1498961,13.3695694,0.85,SECONDO
C0728,IL CENTESIMO,Palermo,Via Giuseppe Lanza di Scalea 724,38.1692594,13.3145146,0.85,SECONDO
C0729,IL CENTESIMO,Ragusa,Via Feliciano Rossitto,36.92915,14.707869,0.85,SECONDO
C0730,IL CENTESIMO,Ragusa,Viale Sicilia 68,36.9178347,14.7274629,0.85,SECONDO
C0731,IL CENTESIMO,Alcamo,Via San Leonardo ang. Via A. Vivaldi,37.9870401,12.9563583,0.85,SECONDO
C0732,IL CENTESIMO,Castelvetrano,Via Caduti di Nassiriya,37.6683188,12.814444,0.85,SECONDO
C0733,IL CENTESIMO,Castelvetrano,Via G. Gentile 26/28,37.6899379,12.7995648,0.85,SECONDO
C0734,IL CENTESIMO,Marsala,Via Mazara 174,37.7839508,12.4535875,0.85,SECONDO
C0735,IL CENTESIMO,Mazara del Vallo,Via Salemi 144,37.6582857,12.6018392,0.85,SECONDO
C0736,IL CENTESIMO,Trapani,Via Tunisi 66,38.0249876,12.5268485,0.85,SECONDO
C0737,SUPERCONVENIENTE,Castelvetrano,Via Caduti di Nassirya Snc,37.6661963,12.8139293,1.0,DIRETTO
C0738,SUPERCONVENIENTE,Trapani,Via Senatore D'Alì Snc,38.017914,12.536217,1.0,DIRETTO
C0739,LIDL,Favara,Via Capitano Callea 122,37.3244349,13.6620468,0.7,TERZO
C0740,LIDL,Porto Empedocle,Strada Statale 115 snc,37.29486,13.54182,0.7,TERZO
C0741,LIDL,Ribera,Viale Romagna snc,37.4967,13.2621,0.7,TERZO
C0742,LIDL,Sciacca,Corso Accursio Miraglia 45/B,37.51695,13.06756,0.7,TERZO
C0743,EUROSPIN,Agrigento,Via Fosse Ardeatine 49,37.29682101,13.55365542,0.55,QUARTO
C0744,EUROSPIN,Agrigento,Via Unità d'Italia C.da Minaga sn,37.3443489,13.5983839,0.55,QUARTO
C0745,EUROSPIN,Canicattì,Via Giudice Antonino Saetta,37.352573404274,13.831014633179,0.55,QUARTO
C0746,EUROSPIN,Licata,Via Gela sn,37.11302927,13.95660368,0.55,QUARTO
C0747,EUROSPIN,Sciacca,Via Lioni 2,37.5193944,13.0781214,0.55,QUARTO
C0748,CONAD,Agrigento,Via Fosse Ardeatine snc,37.299028,13.554275,0.85,SECONDO
C0749,CONAD,Agrigento,Via Gioeni 41,37.3115337,13.5771404,0.85,SECONDO
C0750,MD,Siculiana,"C.da Centosalme SS.115 Km 170,48",37.3284225,13.4340154,0.7,TERZO
C0751,MD,San Giovanni Gemini,Contrada Piano di Corte sn,37.6215131,13.6288475,0.7,TERZO
C0752,DECO,Grotte,Viale Matteotti 98,37.4037234,13.6989052,0.85,SECONDO
C0753,LIDL,Messina,"Strada Statale 114, km 4+400",38.15186,15.53018,0.7,TERZO
C0754,LIDL,Milazzo,"Contrada Masseria, snc",38.18542,15.26931,0.7,TERZO
C0755,LIDL,Barcellona Pozzo di Gotto,"Contrada Saia d'Agri, snc",38.15216,15.19062,0.7,TERZO
C0756,EUROSPIN,Patti,"Via Papa Giovanni XXIII, 28/A",38.147791795355,14.979080557823,0.55,QUARTO
C0757,EUROSPIN,Sant'Agata di Militello,"C.da S. Giuseppe Via A. Vicari, 4",38.0745243,14.6990511,0.55,QUARTO
C0758,EUROSPIN,Barcellona Pozzo di Gotto,S.S. 113 PA-ME Loc. Oreto,38.158310461744,15.241220862524,0.55,QUARTO
C0759,EUROSPIN,Milazzo,Via Acqueviole,38.207750647029,15.253993541853,0.55,QUARTO
C0760,EUROSPIN,Messina,"S.S.114 KM. 5,4 C.da Pistunina",38.15186,15.53018,0.55,QUARTO
C0761,MD,Messina,"S.S. 114, Via Campolino, svincolo San Filippo loc. Pistunina",38.15186,15.53018,0.7,TERZO
C0762,MD,Messina,Via Consolare Pompea n.1455,38.2502384,15.5920463,0.7,TERZO
C0763,MD,Messina,Via S. Leonardi,38.193,15.555,0.7,TERZO
C0764,MD,Messina,Via Salita Curcuruto,38.2157832,15.5430164,0.7,TERZO
C0765,CONAD,Messina,"Via Ugo Bassi, Isolato 157 87",38.192,15.555,0.85,SECONDO
C0766,CONAD,Milazzo,Via XX Settembre 184,38.1578735,14.7469055,0.85,SECONDO
C0767,CONAD,Patti,Via Case Nuove Russo 62,38.1414933,15.0458803,0.85,SECONDO
C0768,CONAD,Capo d'Orlando,Contrada Malvicino 2,38.121803,14.721795,0.85,SECONDO
C0769,CONAD,Barcellona Pozzo di Gotto,Contrada S. Antonio snc,38.210159,15.3720344,0.85,SECONDO
C0770,LIDL,Palermo,"Via Ugo la Malfa, 102",38.16315,13.31302,0.7,TERZO
C0771,LIDL,Palermo,"Via Gian Lorenzo Bernini, 42",38.13361,13.32495,0.7,TERZO
C0772,LIDL,Palermo,"Viale Regione Siciliana SudEst, 777",38.09666,13.33478,0.7,TERZO
C0773,LIDL,Palermo,"Via Roma, 59",38.11318,13.36543,0.7,TERZO
C0774,LIDL,Palermo,Corso Calatafimi 378,38.10478,13.33451,0.7,TERZO
C0775,LIDL,Palermo,"Viale Regione Siciliana Nord Ovest, 3439/3479",38.1353,13.33091,0.7,TERZO
C0776,LIDL,Palermo,"Viale Regione Siciliana, 1800",38.11987,13.32848,0.7,TERZO
C0777,LIDL,Palermo,Via Rosario Nicoletti 19,38.18936,13.29487,0.7,TERZO
C0778,LIDL,Palermo,Via dei Cantieri 53,38.137,13.36296,0.7,TERZO
C0779,LIDL,Palermo,"Via Ugo La Malfa, 160",38.16541,13.30871,0.7,TERZO
C0780,LIDL,Palermo,Via Filippo Pecoraino 9,38.0969,13.39286,0.7,TERZO
C0781,LIDL,Bagheria,"Via Filippo Buttitta, 14",38.07365,13.50206,0.7,TERZO
C0782,LIDL,Carini,"Strada Statale 113, km 281,50",38.1628,13.21161,0.7,TERZO
C0783,LIDL,Misilmeri,Corso Vittorio Emanuele 598,38.0229,13.44611,0.7,TERZO
C0784,LIDL,Partinico,"Strada Statale 113, snc",38.03949,13.10772,0.7,TERZO
C0785,LIDL,Catania,"Via Felice Fontana, 36",37.51332,15.03894,0.7,TERZO
C0786,LIDL,Catania,"Via Giovanni Segantini, snc",37.53609,15.07574,0.7,TERZO
C0787,LIDL,Catania,"Via Martino Cilestri, 75/77",37.51661,15.09856,0.7,TERZO
C0788,LIDL,Catania,"Corso Indipendenza, 77-79",37.50137,15.06484,0.7,TERZO
C0789,LIDL,Catania,"Corso Sicilia, 64",37.50738,15.09041,0.7,TERZO
C0790,LIDL,Catania,"Viale Regina Margherita, snc",37.5127,15.08199,0.7,TERZO
C0791,LIDL,Catania,"Via Acquicella Porto, 6",37.48907,15.0832,0.7,TERZO
C0792,LIDL,Misterbianco,Corso Aldo Moro 38,37.51385,15.01326,0.7,TERZO
C0793,LIDL,Misterbianco,"Contrada Cubba, snc",37.4845,15.00807,0.7,TERZO
C0794,LIDL,Gravina di Catania,"Via Etnea, snc",37.55044,15.06375,0.7,TERZO
C0795,LIDL,San Giovanni La Punta,"Via Giovanni Caboto, s.n.c.",37.58665,15.0987,0.7,TERZO
C0796,LIDL,Paternò,"Corso Italia, 158",37.57072,14.91549,0.7,TERZO
C0797,LIDL,Biancavilla,Via dei Fiori snc,37.64951,14.84784,0.7,TERZO
C0798,LIDL,Giarre,"Corso Messina, snc",37.73384,15.18583,0.7,TERZO
C0799,LIDL,Randazzo,"Contrada Campo Re, ex S.S. 120, snc",37.8773,14.96521,0.7,TERZO
C0800,LIDL,Fiumefreddo di Sicilia,"Via Regina Del Cielo, 8",37.79869,15.20494,0.7,TERZO
C0801,DECO,Palermo,Via Dei Nebrodi 86,38.14437,13.31542,0.85,SECONDO
C0802,SUPERCONVENIENTE,Misterbianco,"Via Zinirco, 1",37.518585,15.0070335,1.0,DIRETTO
C0803,SUPERCONVENIENTE,Catania,Corso Indipendenza 55,37.502751,15.0588875,1.0,DIRETTO
C0804,SUPERCONVENIENTE,Catania,Via F. Fontana,37.5120555,15.037241,1.0,DIRETTO
C0805,SUPERCONVENIENTE,Paternò,Viale Dei Platani,37.576275,14.9094132,1.0,DIRETTO
C0806,SUPERCONVENIENTE,San Giovanni La Punta,Via Cristoforo Colombo,37.5967438,15.0945981,1.0,DIRETTO
C0807,DECO,Palermo,Corso Camillo Finocchiaro Aprile 63/75,38.1189221,13.3490552,0.85,SECONDO
C0808,DECO,Palermo,Via Belgio 15,38.1517307,13.3305753,0.85,SECONDO
C0809,DECO,Palermo,Via Montepellegrino 163,38.1405866,13.3582267,0.85,SECONDO
C0810,DECO,Palermo,Via Montalbo 57,38.1375224,13.3602021,0.85,SECONDO
C0811,DECO,Villabate,"Via Aldo Moro, 39",38.0799816,13.443094,0.85,SECONDO
C0812,DECO,Catania,Via Giovanni Lavaggi 30,37.5136524,15.0744955,0.85,SECONDO
C0813,DECO,Catania,Piazza Cavour 32,37.5181387,15.0835133,0.85,SECONDO
C0814,DECO,Catania,Via Galermo 239,37.5432343,15.05418,0.85,SECONDO
C0815,DECO,Tremestieri Etneo,Via Carnazza 77 (Canalicchio),37.5436877,15.0962956,0.85,SECONDO
C0816,DECO,Valverde,Via Belfiore 16,37.579127,15.1223032,0.85,SECONDO
